{"Constant": [38907.2891], "Coeffs": [[4423.00098], [4832.06641], [10690.4551], [4251.39648], [9194.08789], [6800.74121], [2494.33057], [408.895508], [1672.85254], [578.869629], [-8247.02734], [-1384.92383], [-3227.4585], [-6508.76611], [-6591.51563], [-5360.3877], [-452.750488], [2790.26978], [-3527.38525], [-4189.72168], [4476.45215], [4036.02197], [5681.46191], [2973.30225], [2545.25635], [9964.12109], [6844.78076], [1280.2644], [-58.3447266], [-987.061279], [2101.44336], [1254.46729], [-5417.62549], [-6628.80371], [-9341.96582], [-9679.75879], [-10743.291], [-13210.1143], [-12148.25], [-13277.5186], [-10457.7041], [-9223.06934], [-8195.0918], [-6272.52832], [-6033.98584], [-5606.04297], [-4052.23975], [-534.9375], [4776.73926], [5842.93555], [9414.7207], [13325.5039], [15321.3525], [16549.6621], [16525.6641], [15711.6006], [13905.2148], [14434.46], [14858.8154], [15362.1465], [19307.1328], [19867.502], [21227.2598], [22472.2852], [21812.8652], [19390.1367], [18323.0293], [14977.8525], [9486.27148], [4032.81641], [-229.321991], [-10044.8789], [-18623.584], [-28540.3047], [-38079.2656], [-44416.2969], [-49098.1992], [-55044.0781], [-59797.957], [-58060.5938], [-54673.1641], [-51901.6094], [-45437.668], [-38747.3008], [-32635.8594], [-27618.1797], [-20830.6953], [-16571.9883], [-8137.99561], [-1056.92627], [6885.82129], [14315.0439], [18650.4336], [24760.7539], [27518.1973], [32643.9219], [34185.0313], [37371.5547], [39683.3672], [41662.1328], [41168.7031], [39406.2578], [37097.0898], [31325.3672], [26268.4375], [22027.2148], [18117.5039], [14626.1875], [13844.1221], [12438.8975], [13510.7188], [11108.4424], [13231.6719], [11209.6309], [7384.17432], [4971.73193], [-1679.19336], [-7477.48828], [-13731.7832], [-18381.3887], [-20054.0195], [-23971.5273], [-23140.0508], [-22829.7852], [-22348.9883], [-22008.7539], [-19175.9844], [-15913.1699], [-13530.5781], [-9614.67871], [-4465.36572], [3820.85889], [9844.72266], [17541.6934], [21586.8906], [25053.832], [26712.1426], [29223.3633], [28827.8379], [26498.625], [23632.2773], [21375.9922], [20313.6641], [20442.5469], [20443.8008], [21021.084], [19997.1465], [15008.7275], [15828.6377], [17565.6855], [18398.0], [19376.1523], [20583.0215], [17935.7266], [18395.6914], [18788.0391], [15061.3877], [13011.4824], [11805.373], [8712.31055], [6158.79199], [2578.06348], [2380.08594], [-92.1774902], [-2527.62769], [-3099.6377], [-4656.39844], [-6563.1333], [-12507.3311], [-15624.7314], [-20514.7148], [-24625.5762], [-29356.4258], [-35048.4688], [-37730.6641], [-40550.1641], [-40831.4297], [-40634.3047], [-41238.4375], [-42311.0781], [-41698.9844], [-39984.2773], [-39193.3828], [-38067.9688], [-32570.9883], [-30069.2148], [-24490.1289], [-23704.8301], [-21966.7813], [-19084.709], [-20312.2148], [-18905.6934], [-16674.0391], [-13968.4707], [-12246.0166], [-9404.85547], [-5070.07275], [-6657.80176], [-5198.65234], [-5318.49805], [-6105.19922], [-7398.88037], [-5187.71729], [-3385.80957], [-2745.20581], [-3128.78296], [-4499.01807], [-3899.81348], [-700.750244], [3212.66528], [4350.2168], [9256.01367], [13192.6211], [13150.5547], [14619.8232], [14564.2754], [10563.3203], [6959.75439], [2605.97388], [-1776.75244], [-4444.21191], [-6883.2168], [-5663.44434], [-2867.20264], [-341.148865], [3140.74023], [8993.26953], [10912.1289], [12258.9814], [12560.8008], [14466.1924], [14687.8418], [17771.7695], [24031.6934], [28341.8613], [33074.4805], [36666.3984], [36075.6016], [34628.4414], [31186.2148], [29632.5371], [26375.6621], [23577.7148], [22503.6797], [17964.8145], [10952.4053], [5952.5625], [372.803101], [-4403.32666], [-7744.87598], [-12601.9063], [-15306.6621], [-15919.0459], [-16280.0391], [-13324.6338], [-12832.1816], [-11250.5254], [-11779.5684], [-9743.86328], [-10432.8877], [-8742.03125], [-8753.57813], [-6893.4375], [-4630.99268], [-3354.4043], [1587.54175], [823.35376], [2333.08887], [1046.33496], [3311.7229], [1089.92847], [-74.0966797], [2948.57642], [3597.24219], [6109.67969], [8224.96191], [12715.0801], [18666.9883], [21663.2109], [24228.5781], [25979.7012], [23994.4063], [22602.1465], [16863.9199], [9427.80176], [4758.16064], [1200.18457], [-1812.9541], [-1945.14185], [-1385.81152], [303.921997], [1007.47937], [-1933.0498], [-5125.98828], [-11095.0791], [-17846.0254], [-27411.2969], [-33802.8516], [-37892.8398], [-42392.8711], [-41552.9063]],