{"Constant": [-41025.0508], "Coeffs": [[-4263.73828], [-1605.6543], [2031.15479], [4394.33789], [6095.28516], [5668.46436], [7872.68457], [8894.73926], [11328.5068], [13051.7871], [12875.0273], [14087.1016], [13528.4824], [14587.1777], [16203.9668], [16964.6445], [15413.1123], [17332.8926], [15879.7891], [17726.957], [18434.2773], [18273.2246], [19886.3145], [19324.6016], [19602.293], [19994.3906], [16113.709], [17526.8281], [17867.623], [16946.1777], [14351.9473], [14843.6992], [13933.751], [13836.3223], [10060.4453], [8219.48926], [5913.57129], [4371.23535], [1444.78223], [-1911.85791], [-8379.11035], [-12871.6533], [-16612.2207], [-19367.1055], [-20977.9785], [-23592.8555], [-24459.2656], [-25449.2754], [-24213.9688], [-23671.5273], [-22132.5742], [-20510.2383], [-16568.3164], [-14011.6572], [-12314.5859], [-10365.4453], [-9724.16406], [-8503.09766], [-7111.87695], [-7832.56006], [-9256.0], [-10103.0527], [-10636.2793], [-11590.8096], [-14288.5361], [-15845.3428], [-17530.502], [-19890.1172], [-23050.9063], [-25226.9121], [-26067.209], [-26653.4727], [-26552.7988], [-26338.9258], [-25841.9883], [-25456.3516], [-23355.9922], [-22052.0156], [-21434.0313], [-19357.8906], [-17553.3047], [-13925.7568], [-9782.05469], [-6143.52637], [189.367218], [5032.22412], [10652.0752], [18131.627], [26501.4023], [34190.6797], [43183.3047], [49667.8633], [56045.7461], [60875.7266], [64605.4336], [67828.5625], [69411.3125], [69883.9688], [66755.625], [62808.1797], [58142.4922], [52840.1016], [47295.5664], [42036.3633], [37042.9063], [31094.1758], [25753.2559], [20973.8047], [17013.8086], [13551.334], [10440.9629], [5894.52539], [2669.04883], [-99.7480469], [-2136.06152], [-3115.62207], [-4181.91699], [-3963.21777], [-4753.37891], [-5450.81348], [-5256.92969], [-5278.33691], [-5074.89063], [-5166.55273], [-6411.6665], [-7859.00586], [-7538.76465], [-8769.89648], [-9111.55371], [-10306.8574], [-10236.2891], [-10429.2324], [-10991.0361], [-11769.791], [-11678.0049], [-12148.5586], [-12468.0293], [-13140.9795], [-13876.5869], [-13171.7383], [-12753.7422], [-11671.9434], [-12579.543], [-11581.6328], [-11043.6182], [-11359.7861], [-11645.8984], [-13127.3975], [-13558.9043], [-13270.5518], [-11755.3975], [-13446.7236], [-14183.4658], [-14534.4893], [-15693.457], [-15817.5166], [-16214.4941], [-18124.6094], [-17330.3203], [-17343.2578], [-16868.5488], [-16199.3457], [-14769.8398], [-14430.8057], [-13077.791], [-11504.8203], [-11728.125], [-12007.2217], [-11519.2285], [-12439.248], [-13136.6367], [-12299.1895], [-12036.8184], [-13426.4043], [-12867.7363], [-13816.7871], [-13601.0059], [-13907.9482], [-15722.6191], [-16921.1426], [-17332.5547], [-18776.6973], [-18928.4063], [-18362.7656], [-18604.0117], [-16677.5234], [-15668.2617], [-13223.1758], [-11838.8809], [-10699.2402], [-9991.36328], [-10169.3379], [-9591.49902], [-8830.4082], [-7870.91016], [-5685.19336], [-6011.48535], [-5607.08691], [-6273.49121], [-7491.65723], [-7951.86768], [-8836.85352], [-8686.5918], [-9573.57422], [-10604.1992], [-10569.5693], [-11474.9824], [-10694.4434], [-10859.7959], [-11394.7236], [-11129.9961], [-9835.06836], [-10183.0088], [-10933.9229], [-9158.06445], [-7940.69824], [-6293.23779], [-5433.35645], [-4097.7417], [-2219.31494], [-411.236572], [107.738525], [953.130615], [915.777588], [2103.4353], [1635.42017], [1643.40747], [789.672607], [954.373535], [-152.216553], [-413.135254], [-655.171631], [-904.828369], [-1316.31567], [-640.427734], [-1175.97754], [-1474.90112], [-1743.24731], [461.355957], [-316.433105], [760.962158], [177.981201], [-656.649658], [-304.824219], [-1107.38525], [-1689.4187], [-2242.08032], [-2352.64722], [-990.22998], [-304.494385], [1323.1333], [803.898926], [-109.711914], [-534.243164], [-1365.21289], [-1174.70874], [-2602.34839], [-2896.56787], [-2811.77539], [-3351.91138], [-3036.37256], [-1739.71924], [-978.352539], [1031.76367], [2988.25122], [2862.75415], [3684.90283], [3354.1665], [3811.09473], [4576.64355], [5453.99805], [6111.79785], [5802.21484], [5869.12793], [7410.22803], [9497.33203], [11320.0137], [13624.043], [14308.8164], [14870.0977], [16308.0078], [16772.1426], [16737.0508], [17585.5293], [16330.8965], [15633.6768], [15179.7617], [15541.2754], [14276.6006], [15180.6299], [15054.7178], [14783.5557], [14634.1797], [15087.748], [15497.9971], [16416.6035], [14896.7988], [15151.1045], [15565.0234], [15773.5254], [15574.8672]],