{"Constant": [-22286.4004], "Coeffs": [[1740.21289], [2711.45313], [4051.32617], [6572.45898], [6201.00732], [7484.93848], [8478.30176], [10038.3018], [12196.6367], [13178.2148], [14396.0488], [12921.6064], [12210.9141], [11676.0674], [12447.6211], [13350.3057], [13087.7314], [12631.9902], [13150.3477], [12373.1631], [14373.7754], [15174.377], [15423.3125], [16247.4668], [14817.9844], [12700.5352], [14060.9082], [12751.7676], [13052.6299], [11688.5938], [9724.55371], [6633.88574], [4697.87793], [-1318.30322], [-4549.4126], [-8364.24219], [-11869.8242], [-15429.4668], [-18929.293], [-22445.7676], [-27100.1699], [-29153.3867], [-30549.9473], [-32741.293], [-33006.957], [-31479.9043], [-28624.8516], [-25105.4043], [-22806.8223], [-20750.0059], [-19050.6738], [-16789.4219], [-15924.915], [-13506.1416], [-12145.1943], [-11060.7227], [-10721.502], [-11066.3203], [-11086.4092], [-11783.5352], [-13024.9844], [-14570.8457], [-16996.2676], [-18823.8359], [-20899.8906], [-23353.8516], [-23919.0469], [-23460.3945], [-23200.5098], [-22615.3164], [-22285.6914], [-21085.9648], [-19105.9414], [-17570.9766], [-16223.6279], [-14732.1475], [-14702.8477], [-12029.9785], [-11124.5449], [-9465.50098], [-7829.97559], [-5485.23438], [-2160.39453], [2811.40967], [7309.83691], [13651.1445], [18619.7012], [25847.2285], [31641.834], [39575.2188], [47810.6563], [53580.3438], [59328.7695], [64746.4375], [69288.8906], [70418.7656], [69799.9141], [68905.3281], [66772.4063], [62535.4414], [58183.5508], [53581.0156], [49002.8789], [44165.7734], [39099.207], [33856.4141], [29812.8828], [24861.1211], [19887.7383], [17148.002], [15723.3232], [14078.8818], [11178.4307], [8322.63574], [6270.67627], [3978.13672], [1405.89575], [-1014.90063], [-4092.01831], [-8465.16895], [-13724.7188], [-17977.2695], [-19708.875], [-21349.9336], [-21953.5195], [-22152.5703], [-21254.7188], [-21204.1758], [-20960.6992], [-20882.9844], [-19374.1094], [-17644.7285], [-16746.9746], [-16035.543], [-15660.1309], [-15673.168], [-15613.8398], [-14365.4414], [-13412.792], [-12310.707], [-11415.2666], [-10854.5703], [-9478.70508], [-11015.6719], [-11052.502], [-10749.3467], [-10626.3301], [-10313.3184], [-9442.32715], [-8777.60156], [-9950.7373], [-11032.0273], [-10162.7793], [-9515.63086], [-9500.61816], [-9051.28516], [-10722.04], [-11713.1494], [-12638.1758], [-13562.9375], [-12946.417], [-13797.9775], [-13237.2207], [-12925.4385], [-13009.6553], [-13236.5215], [-13113.4316], [-12202.584], [-12376.5225], [-11922.3398], [-12178.8701], [-12208.0498], [-12767.1758], [-11985.5361], [-11283.7051], [-10558.8516], [-10540.3877], [-10707.0791], [-9608.72266], [-8766.50195], [-7820.20313], [-7865.30127], [-7534.1582], [-6953.85254], [-8074.29395], [-8780.5752], [-8607.20313], [-7627.38184], [-6728.94238], [-6030.36914], [-4446.3623], [-4527.0376], [-4168.91357], [-4281.13721], [-4865.38672], [-4788.04688], [-4827.38574], [-6030.18164], [-6628.89648], [-7292.49561], [-7394.86426], [-6811.36621], [-6936.43262], [-7817.56152], [-7402.9541], [-7652.25488], [-8353.86426], [-9018.98438], [-8860.20996], [-9420.78613], [-10248.5938], [-11533.3242], [-11965.9736], [-11144.4199], [-10439.3379], [-9385.99609], [-8580.86426], [-7202.31201], [-4185.68896], [-3148.24683], [-1858.31323], [-1429.78711], [-942.511353], [-907.894043], [-2526.30273], [-3214.21289], [-4414.94092], [-5252.60986], [-5639.06201], [-4384.40137], [-4508.15674], [-4695.60156], [-3798.60962], [-3108.9668], [-1954.36865], [-1297.79053], [-1036.5293], [-1811.39063], [-2659.08228], [-1897.71924], [-1716.66431], [-1144.89697], [-351.469482], [2.62036133], [2043.64856], [2211.396], [3505.91992], [4646.34863], [4415.25244], [5154.79785], [4693.70605], [3850.79736], [3916.2583], [3812.12793], [3603.59302], [4195.77295], [3399.5647], [3260.57568], [1894.00806], [1186.15259], [516.029053], [-442.268311], [-1206.52881], [-1029.06616], [-2544.75195], [-2762.93115], [-3000.0957], [-3371.54785], [-1305.86938], [1047.39307], [1581.14697], [3831.44336], [5385.63721], [4673.61523], [5914.15234], [8024.56738], [9757.42676], [9736.5625], [9318.91504], [8883.84082], [8723.15137], [10203.3125], [10841.8311], [11181.6406], [12205.5039], [13113.2188], [12929.4746], [14985.8232], [16733.1699], [17256.7188], [17204.7246], [17950.8633], [16889.6445], [17795.7324], [18528.8613], [19875.8613], [22043.6504], [24416.4004], [26560.3125], [27650.4902], [28337.4453]],